timestamp,battery_voltage_v,battery_current_a,battery_power_kw,soc_percent,temperature_c
2026-01-05 00:00:00,728.206,-4.602,-3.351,54.0,28.804
2026-01-05 00:15:00,727.323,2.646,1.925,54.168,26.47
2026-01-05 00:30:00,720.067,-6.573,-4.733,54.071,27.32
2026-01-05 00:45:00,724.23,0.75,0.543,54.308,29.642
2026-01-05 01:00:00,725.634,5.427,3.938,54.281,25.908
2026-01-05 01:15:00,727.237,1.68,1.222,54.084,24.934
2026-01-05 01:30:00,727.558,0.586,0.427,54.023,28.423
2026-01-05 01:45:00,725.654,-1.931,-1.401,54.002,26.091
2026-01-05 02:00:00,726.642,0.107,0.078,54.072,26.979
2026-01-05 02:15:00,725.074,-0.869,-0.63,54.068,26.355
2026-01-05 02:30:00,722.897,-2.718,-1.965,54.099,27.295
2026-01-05 02:45:00,724.253,-1.001,-0.725,54.197,25.954
2026-01-05 03:00:00,725.137,0.684,0.496,54.234,26.811
2026-01-05 03:15:00,724.947,-2.646,-1.918,54.209,27.495
2026-01-05 03:30:00,719.509,-2.802,-2.016,54.305,25.891
2026-01-05 03:45:00,724.094,-4.696,-3.401,54.406,26.23
2026-01-05 04:00:00,725.659,1.346,0.977,54.576,26.635
2026-01-05 04:15:00,724.588,1.881,1.363,54.527,25.453
2026-01-05 04:30:00,724.61,0.799,0.579,54.459,26.546
2026-01-05 04:45:00,726.78,3.32,2.413,54.43,27.174
2026-01-05 05:00:00,721.934,0.304,0.22,54.309,26.564
2026-01-05 05:15:00,720.273,1.361,0.98,54.298,26.719
2026-01-05 05:30:00,724.054,1.049,0.76,54.249,26.992
2026-01-05 05:45:00,727.346,-0.315,-0.229,54.211,26.279
2026-01-05 06:00:00,730.13,-1.818,-1.327,54.222,27.76
2026-01-05 06:15:00,727.493,7.609,5.535,54.289,28.679
2026-01-05 06:30:00,720.41,-1.568,-1.13,54.012,26.489
2026-01-05 06:45:00,724.185,-2.299,-1.665,54.069,27.534
2026-01-05 07:00:00,725.752,1.495,1.085,54.152,26.756
2026-01-05 07:15:00,725.45,0.868,0.63,54.098,27.413
2026-01-05 07:30:00,726.497,-4.834,-3.512,54.066,28.722
2026-01-05 07:45:00,722.339,3.886,2.807,54.242,27.61
2026-01-05 08:00:00,725.116,-0.325,-0.235,54.101,25.049
2026-01-05 08:15:00,726.197,-3.824,-2.777,54.113,27.826
2026-01-05 08:30:00,727.579,4.085,2.972,54.252,29.062
2026-01-05 08:45:00,722.507,2.165,1.564,54.103,27.76
2026-01-05 09:00:00,723.795,-4.368,-3.161,54.025,29.389
2026-01-05 09:15:00,716.908,6.197,4.443,54.183,27.928
2026-01-05 09:30:00,722.889,2.278,1.647,53.961,27.309
2026-01-05 09:45:00,723.081,-0.035,-0.025,53.879,29.367
2026-01-05 10:00:00,721.597,-53.752,-38.787,53.88,27.568
2026-01-05 10:15:00,727.48,-66.322,-48.248,55.819,29.514
2026-01-05 10:30:00,729.71,-96.022,-70.068,58.232,31.459
2026-01-05 10:45:00,727.305,-105.858,-76.991,61.735,28.196
2026-01-05 11:00:00,739.348,-85.817,-63.448,65.585,29.128
2026-01-05 11:15:00,739.724,-96.933,-71.703,68.757,29.624
2026-01-05 11:30:00,748.268,-99.586,-74.517,72.342,30.897
2026-01-05 11:45:00,747.436,-129.354,-96.684,76.068,30.755
2026-01-05 12:00:00,757.173,-114.715,-86.859,80.902,32.869
2026-01-05 12:15:00,761.445,-125.499,-95.56,85.245,32.534
2026-01-05 12:30:00,768.937,-113.269,-87.097,90.023,32.164
2026-01-05 12:45:00,773.628,-107.578,-83.226,94.378,31.895
2026-01-05 13:00:00,773.235,-129.021,-99.763,95.0,32.262
2026-01-05 13:15:00,769.391,-120.014,-92.338,95.0,30.956
2026-01-05 13:30:00,769.568,-108.198,-83.265,95.0,32.9
2026-01-05 13:45:00,772.248,-97.754,-75.49,95.0,30.766
2026-01-05 14:00:00,773.975,-79.91,-61.848,95.0,32.919
2026-01-05 14:15:00,772.175,-53.831,-41.567,95.0,33.294
2026-01-05 14:30:00,775.876,-63.469,-49.244,95.0,32.189
2026-01-05 14:45:00,773.162,-1.283,-0.992,95.0,31.71
2026-01-05 15:00:00,771.105,0.369,0.284,95.0,32.275
2026-01-05 15:15:00,773.149,2.383,1.842,94.986,28.62
2026-01-05 15:30:00,774.55,-1.493,-1.156,94.894,31.952
2026-01-05 15:45:00,774.916,3.215,2.491,94.951,31.405
2026-01-05 16:00:00,779.427,-3.187,-2.484,94.827,31.274
2026-01-05 16:15:00,771.935,0.954,0.736,94.951,31.948
2026-01-05 16:30:00,773.677,2.981,2.307,94.914,30.926
2026-01-05 16:45:00,775.037,2.129,1.65,94.799,29.535
2026-01-05 17:00:00,773.59,6.193,4.791,94.716,30.466
2026-01-05 17:15:00,771.87,-2.473,-1.909,94.477,30.371
2026-01-05 17:30:00,768.839,-4.485,-3.448,94.572,30.17
2026-01-05 17:45:00,772.161,-3.219,-2.486,94.745,29.956
2026-01-05 18:00:00,770.622,147.788,113.889,94.869,32.693
2026-01-05 18:15:00,761.83,158.611,120.835,89.175,30.192
2026-01-05 18:30:00,757.372,157.223,119.077,83.133,31.25
2026-01-05 18:45:00,749.474,158.599,118.866,77.179,32.166
2026-01-05 19:00:00,747.234,158.913,118.745,71.236,28.523
2026-01-05 19:15:00,740.161,156.777,116.04,65.298,30.262
2026-01-05 19:30:00,728.684,169.31,123.373,59.496,29.229
2026-01-05 19:45:00,723.213,169.32,122.454,53.328,29.123
2026-01-05 20:00:00,711.071,166.215,118.19,47.205,28.132
2026-01-05 20:15:00,708.072,158.272,112.068,41.296,28.831
2026-01-05 20:30:00,704.028,154.317,108.644,35.692,30.981
2026-01-05 20:45:00,698.787,147.32,102.945,30.26,27.462
2026-01-05 21:00:00,687.996,-2.19,-1.507,25.113,25.713
2026-01-05 21:15:00,693.381,-3.94,-2.732,25.188,25.568
2026-01-05 21:30:00,685.843,-5.275,-3.618,25.325,28.9
2026-01-05 21:45:00,686.864,6.269,4.306,25.506,26.569
2026-01-05 22:00:00,692.477,0.985,0.682,25.29,26.984
2026-01-05 22:15:00,695.321,1.365,0.949,25.256,26.574
2026-01-05 22:30:00,691.731,-1.117,-0.773,25.209,25.961
2026-01-05 22:45:00,690.176,-0.626,-0.432,25.247,26.741
2026-01-05 23:00:00,683.737,3.527,2.411,25.269,29.747
2026-01-05 23:15:00,684.111,-0.118,-0.081,25.148,28.531
2026-01-05 23:30:00,690.571,1.921,1.327,25.152,26.086
2026-01-05 23:45:00,689.029,-0.711,-0.49,25.086,27.712
2026-01-06 00:00:00,686.815,-1.245,-0.855,25.111,26.085
2026-01-06 00:15:00,690.381,-5.095,-3.517,25.153,25.046
2026-01-06 00:30:00,690.74,-7.158,-4.944,25.329,28.121
2026-01-06 00:45:00,693.525,-0.943,-0.654,25.576,28.276
2026-01-06 01:00:00,691.141,0.204,0.141,25.609,28.153
2026-01-06 01:15:00,694.408,-4.63,-3.215,25.602,26.483
2026-01-06 01:30:00,690.939,-0.125,-0.086,25.763,26.817
2026-01-06 01:45:00,690.575,0.195,0.134,25.767,27.827
2026-01-06 02:00:00,694.105,-7.765,-5.39,25.76,27.431
2026-01-06 02:15:00,688.301,-3.324,-2.288,26.03,26.567
2026-01-06 02:30:00,699.817,1.455,1.018,26.144,25.237
2026-01-06 02:45:00,692.438,1.397,0.968,26.093,27.143
2026-01-06 03:00:00,692.397,-4.166,-2.884,26.045,28.187
2026-01-06 03:15:00,693.002,0.572,0.396,26.189,25.69
2026-01-06 03:30:00,697.035,3.667,2.556,26.169,27.749
2026-01-06 03:45:00,693.628,2.801,1.943,26.042,27.4
2026-01-06 04:00:00,686.318,-0.347,-0.238,25.945,27.825
2026-01-06 04:15:00,695.358,-1.683,-1.17,25.956,27.959
2026-01-06 04:30:00,690.195,-2.28,-1.573,26.015,26.236
2026-01-06 04:45:00,691.634,1.691,1.17,26.094,25.242
2026-01-06 05:00:00,687.404,0.71,0.488,26.035,26.422
2026-01-06 05:15:00,692.791,2.271,1.574,26.011,28.006
2026-01-06 05:30:00,689.164,0.478,0.33,25.932,26.41
2026-01-06 05:45:00,691.399,2.961,2.047,25.916,26.273
2026-01-06 06:00:00,690.124,0.343,0.236,25.813,25.001
2026-01-06 06:15:00,696.737,2.816,1.962,25.801,28.963
2026-01-06 06:30:00,696.791,3.124,2.177,25.703,27.947
2026-01-06 06:45:00,690.853,-2.911,-2.011,25.594,27.847
2026-01-06 07:00:00,691.026,-6.542,-4.52,25.695,28.064
2026-01-06 07:15:00,689.985,5.592,3.859,25.921,27.704
2026-01-06 07:30:00,694.192,0.924,0.642,25.728,26.743
2026-01-06 07:45:00,689.848,-6.213,-4.286,25.696,26.82
2026-01-06 08:00:00,689.828,-2.587,-1.785,25.91,26.53
2026-01-06 08:15:00,694.135,2.78,1.93,26.0,30.26
2026-01-06 08:30:00,689.469,-1.014,-0.699,25.903,28.264
2026-01-06 08:45:00,691.012,-1.853,-1.28,25.938,27.465
2026-01-06 09:00:00,686.459,5.102,3.502,26.002,28.869
2026-01-06 09:15:00,693.105,-3.778,-2.618,25.827,27.495
2026-01-06 09:30:00,696.972,-2.863,-1.995,25.958,30.568
2026-01-06 09:45:00,693.433,0.762,0.528,26.058,28.494
2026-01-06 10:00:00,695.623,-56.551,-39.338,26.031,30.051
2026-01-06 10:15:00,691.059,-68.087,-47.052,27.998,30.95
2026-01-06 10:30:00,697.13,-57.509,-40.091,30.351,30.467
2026-01-06 10:45:00,695.997,-63.288,-44.049,32.355,30.401
2026-01-06 11:00:00,700.786,-98.527,-69.047,34.558,30.547
2026-01-06 11:15:00,707.929,-112.86,-79.897,38.01,30.697
2026-01-06 11:30:00,710.711,-134.343,-95.479,42.005,30.332
2026-01-06 11:45:00,711.897,-124.714,-88.783,46.779,30.663
2026-01-06 12:00:00,717.516,-120.081,-86.16,51.218,32.958
2026-01-06 12:15:00,722.488,-107.56,-77.711,55.526,31.365
2026-01-06 12:30:00,732.768,-110.298,-80.823,59.412,30.755
2026-01-06 12:45:00,742.335,-116.197,-86.257,63.453,31.167
2026-01-06 13:00:00,745.406,-101.836,-75.909,67.766,33.04
2026-01-06 13:15:00,740.185,-102.743,-76.049,71.561,32.647
2026-01-06 13:30:00,754.699,-105.844,-79.88,75.363,32.574
2026-01-06 13:45:00,758.038,-79.017,-59.898,79.357,31.706
2026-01-06 14:00:00,754.187,-88.686,-66.886,82.352,32.631
2026-01-06 14:15:00,761.926,-78.994,-60.187,85.697,31.281
2026-01-06 14:30:00,769.734,1.372,1.056,88.706,31.691
2026-01-06 14:45:00,768.035,3.478,2.671,88.653,33.019
2026-01-06 15:00:00,762.296,0.321,0.245,88.52,32.796
2026-01-06 15:15:00,768.041,7.61,5.845,88.507,30.76
2026-01-06 15:30:00,759.446,-1.244,-0.945,88.215,30.678
2026-01-06 15:45:00,765.246,1.059,0.81,88.262,31.619
2026-01-06 16:00:00,769.28,-2.596,-1.997,88.222,33.229
2026-01-06 16:15:00,766.041,-1.147,-0.879,88.322,29.05
2026-01-06 16:30:00,764.542,0.814,0.622,88.366,31.284
2026-01-06 16:45:00,768.67,2.752,2.116,88.335,29.284
2026-01-06 17:00:00,768.799,1.038,0.798,88.229,29.852
2026-01-06 17:15:00,769.757,4.089,3.148,88.189,29.953
2026-01-06 17:30:00,768.261,-0.309,-0.237,88.032,29.581
2026-01-06 17:45:00,768.896,-1.08,-0.83,88.043,29.191
2026-01-06 18:00:00,767.901,159.336,122.354,88.085,31.71
2026-01-06 18:15:00,759.157,155.71,118.208,81.967,30.75
2026-01-06 18:30:00,751.537,151.043,113.514,76.057,29.348
2026-01-06 18:45:00,743.746,159.816,118.862,70.381,31.605
2026-01-06 19:00:00,733.688,155.856,114.349,64.438,31.181
2026-01-06 19:15:00,727.599,158.54,115.353,58.72,30.979
2026-01-06 19:30:00,722.697,153.853,111.19,52.953,27.959
2026-01-06 19:45:00,717.596,164.089,117.749,47.393,29.775
2026-01-06 20:00:00,714.129,170.912,122.053,41.506,29.941
2026-01-06 20:15:00,702.358,165.236,116.055,35.403,27.955
2026-01-06 20:30:00,698.531,155.805,108.835,29.6,28.969
2026-01-06 20:45:00,692.228,155.612,107.719,24.159,28.811
2026-01-06 21:00:00,681.833,0.822,0.561,18.773,29.036
2026-01-06 21:15:00,684.278,2.196,1.502,18.745,29.144
2026-01-06 21:30:00,681.673,1.22,0.831,18.67,25.184
2026-01-06 21:45:00,686.32,-2.949,-2.024,18.628,29.743
2026-01-06 22:00:00,684.383,2.475,1.694,18.729,26.024
2026-01-06 22:15:00,678.802,-2.74,-1.86,18.645,28.079
2026-01-06 22:30:00,682.97,-1.909,-1.304,18.738,28.068
2026-01-06 22:45:00,687.508,-3.433,-2.36,18.803,25.905
2026-01-06 23:00:00,682.161,4.769,3.253,18.921,27.601
2026-01-06 23:15:00,683.853,2.316,1.584,18.758,26.91
2026-01-06 23:30:00,684.052,2.211,1.512,18.679,27.637
2026-01-06 23:45:00,679.214,4.591,3.118,18.603,27.31
2026-01-07 00:00:00,683.669,10.285,7.032,18.447,28.443
2026-01-07 00:15:00,677.533,-6.307,-4.273,18.096,27.083
2026-01-07 00:30:00,680.094,-2.714,-1.846,18.309,26.815
2026-01-07 00:45:00,685.309,-2.248,-1.54,18.402,28.206
2026-01-07 01:00:00,683.245,-3.113,-2.127,18.479,27.638
2026-01-07 01:15:00,681.389,-3.954,-2.694,18.585,27.805
2026-01-07 01:30:00,683.803,-1.096,-0.749,18.72,26.269
2026-01-07 01:45:00,682.328,-4.458,-3.042,18.757,25.85
2026-01-07 02:00:00,682.729,1.227,0.838,18.909,26.391
2026-01-07 02:15:00,684.611,0.189,0.129,18.867,26.319
2026-01-07 02:30:00,680.451,1.767,1.203,18.861,27.886
2026-01-07 02:45:00,682.682,1.859,1.269,18.801,28.096
2026-01-07 03:00:00,681.548,2.212,1.508,18.737,26.856
2026-01-07 03:15:00,677.638,-1.378,-0.934,18.662,28.574
2026-01-07 03:30:00,679.689,7.802,5.303,18.709,28.601
2026-01-07 03:45:00,686.837,0.853,0.586,18.444,27.278
2026-01-07 04:00:00,683.251,-6.815,-4.656,18.414,26.096
2026-01-07 04:15:00,678.406,-3.694,-2.506,18.647,28.733
2026-01-07 04:30:00,677.906,-6.419,-4.351,18.772,26.933
2026-01-07 04:45:00,682.451,0.064,0.043,18.99,27.14
2026-01-07 05:00:00,687.469,-0.443,-0.305,18.988,26.626
2026-01-07 05:15:00,682.243,-1.716,-1.171,19.003,26.021
2026-01-07 05:30:00,686.795,7.32,5.027,19.062,25.475
2026-01-07 05:45:00,683.628,2.008,1.372,18.81,27.721
2026-01-07 06:00:00,683.904,2.654,1.815,18.742,26.171
2026-01-07 06:15:00,678.374,-3.431,-2.328,18.651,30.365
2026-01-07 06:30:00,685.333,-3.645,-2.498,18.767,25.805
2026-01-07 06:45:00,681.666,0.135,0.092,18.892,25.619
2026-01-07 07:00:00,685.254,0.631,0.433,18.887,27.569
2026-01-07 07:15:00,680.196,-6.823,-4.641,18.866,28.682
2026-01-07 07:30:00,683.449,-0.66,-0.451,19.098,27.071
2026-01-07 07:45:00,684.001,0.051,0.035,19.12,27.63
2026-01-07 08:00:00,682.48,-0.788,-0.538,19.119,24.972
2026-01-07 08:15:00,684.188,-2.972,-2.033,19.146,26.582
2026-01-07 08:30:00,682.297,-1.977,-1.349,19.247,26.472
2026-01-07 08:45:00,681.23,-0.649,-0.442,19.315,25.891
2026-01-07 09:00:00,688.021,0.33,0.227,19.337,28.427
2026-01-07 09:15:00,686.337,2.203,1.512,19.325,26.167
2026-01-07 09:30:00,680.817,3.969,2.702,19.25,27.508
2026-01-07 09:45:00,684.643,-1.075,-0.736,19.115,28.621
2026-01-07 10:00:00,680.754,-69.209,-47.114,19.152,28.586
2026-01-07 10:15:00,682.255,-75.051,-51.204,21.507,30.214
2026-01-07 10:30:00,691.982,-107.159,-74.152,24.067,30.38
2026-01-07 10:45:00,688.218,-111.486,-76.727,27.775,31.28
2026-01-07 11:00:00,700.714,-141.827,-99.38,31.611,31.363
2026-01-07 11:15:00,703.138,-126.29,-88.799,36.58,32.014
2026-01-07 11:30:00,708.59,-142.034,-100.644,41.02,30.965
2026-01-07 11:45:00,716.492,-130.768,-93.694,46.052,31.491
2026-01-07 12:00:00,722.628,-151.212,-109.27,50.737,31.893
2026-01-07 12:15:00,724.962,-117.898,-85.471,56.201,31.64
2026-01-07 12:30:00,734.722,-144.644,-106.273,60.474,31.182
2026-01-07 12:45:00,739.286,-135.091,-99.871,65.788,31.369
2026-01-07 13:00:00,741.17,-100.47,-74.465,70.781,30.93
2026-01-07 13:15:00,748.896,-128.323,-96.101,74.505,32.368
2026-01-07 13:30:00,759.316,-114.442,-86.897,79.31,31.854
2026-01-07 13:45:00,765.415,-89.644,-68.615,83.655,31.26
2026-01-07 14:00:00,766.654,-50.891,-39.016,87.085,31.272
2026-01-07 14:15:00,763.272,-87.322,-66.65,89.036,30.658
2026-01-07 14:30:00,772.314,-59.889,-46.253,92.369,33.034
2026-01-07 14:45:00,776.17,0.755,0.586,94.681,32.001
2026-01-07 15:00:00,775.76,0.486,0.377,94.652,30.887
2026-01-07 15:15:00,775.915,1.866,1.448,94.633,32.65
2026-01-07 15:30:00,774.563,7.055,5.465,94.561,31.101
2026-01-07 15:45:00,772.928,0.897,0.693,94.288,29.95
2026-01-07 16:00:00,771.278,1.572,1.213,94.253,32.475
2026-01-07 16:15:00,767.337,-3.511,-2.694,94.192,30.567
2026-01-07 16:30:00,774.211,-4.156,-3.217,94.327,30.517
2026-01-07 16:45:00,773.944,5.113,3.957,94.488,30.876
2026-01-07 17:00:00,774.821,-2.98,-2.309,94.29,31.792
2026-01-07 17:15:00,769.274,-3.393,-2.61,94.405,30.319
2026-01-07 17:30:00,775.378,-0.126,-0.098,94.536,28.725
2026-01-07 17:45:00,779.613,-0.289,-0.225,94.541,30.376
2026-01-07 18:00:00,773.698,150.061,116.102,94.552,31.056
2026-01-07 18:15:00,766.311,158.024,121.096,88.747,33.468
2026-01-07 18:30:00,760.158,160.429,121.952,82.692,31.107
2026-01-07 18:45:00,758.011,155.893,118.168,76.595,28.276
2026-01-07 19:00:00,741.752,325.602,241.516,70.686,39.034
2026-01-07 19:15:00,730.942,338.408,247.356,58.61,40.567
2026-01-07 19:30:00,713.092,345.3,246.231,46.243,39.818
2026-01-07 19:45:00,699.076,348.243,243.449,33.931,39.723
2026-01-07 20:00:00,685.962,351.397,241.045,21.759,36.217
2026-01-07 20:15:00,676.042,359.65,243.138,10.0,38.38
2026-01-07 20:30:00,677.403,174.578,118.26,10.0,28.334
2026-01-07 20:45:00,673.344,168.951,113.762,10.0,29.294
2026-01-07 21:00:00,670.87,-3.863,-2.591,10.0,25.6
2026-01-07 21:15:00,679.634,-0.311,-0.211,10.13,26.291
2026-01-07 21:30:00,670.886,2.516,1.688,10.14,26.287
2026-01-07 21:45:00,670.353,-8.881,-5.953,10.056,27.988
2026-01-07 22:00:00,667.099,3.874,2.584,10.353,27.927
2026-01-07 22:15:00,676.457,-4.37,-2.956,10.224,27.305
2026-01-07 22:30:00,675.351,1.229,0.83,10.372,25.529
2026-01-07 22:45:00,679.65,0.907,0.617,10.33,26.668
2026-01-07 23:00:00,668.191,4.058,2.711,10.3,26.228
2026-01-07 23:15:00,676.571,2.036,1.377,10.164,27.981
2026-01-07 23:30:00,672.325,-8.84,-5.943,10.095,28.296
2026-01-07 23:45:00,674.889,-2.907,-1.962,10.392,28.162
2026-01-08 00:00:00,667.645,0.518,0.346,10.49,26.175
2026-01-08 00:15:00,676.972,-0.72,-0.487,10.473,23.987
2026-01-08 00:30:00,674.957,1.769,1.194,10.498,25.078
2026-01-08 00:45:00,672.409,2.935,1.973,10.438,28.599
2026-01-08 01:00:00,674.342,2.256,1.521,10.339,26.586
2026-01-08 01:15:00,670.019,-0.8,-0.536,10.263,26.174
2026-01-08 01:30:00,670.61,-6.883,-4.616,10.29,28.807
2026-01-08 01:45:00,671.235,-1.696,-1.139,10.521,28.392
2026-01-08 02:00:00,667.135,1.56,1.041,10.578,27.046
2026-01-08 02:15:00,675.216,-4.037,-2.726,10.526,26.677
2026-01-08 02:30:00,676.369,2.333,1.578,10.662,26.883
2026-01-08 02:45:00,670.596,3.387,2.271,10.583,27.291
2026-01-08 03:00:00,673.608,0.471,0.317,10.469,28.766
2026-01-08 03:15:00,671.748,-11.402,-7.659,10.454,27.465
2026-01-08 03:30:00,673.989,-4.741,-3.195,10.837,27.799
2026-01-08 03:45:00,671.313,7.024,4.715,10.996,28.371
2026-01-08 04:00:00,670.262,-2.039,-1.366,10.761,25.713
2026-01-08 04:15:00,676.151,-7.336,-4.96,10.829,27.83
2026-01-08 04:30:00,673.101,4.588,3.088,11.077,26.732
2026-01-08 04:45:00,679.173,0.049,0.033,10.922,24.233
2026-01-08 05:00:00,673.244,4.103,2.762,10.921,24.709
2026-01-08 05:15:00,670.161,1.033,0.692,10.783,25.893
2026-01-08 05:30:00,676.579,1.694,1.146,10.748,27.605
2026-01-08 05:45:00,674.721,1.345,0.908,10.691,27.142
2026-01-08 06:00:00,674.955,2.583,1.744,10.645,27.234
2026-01-08 06:15:00,676.242,8.419,5.694,10.558,29.249
2026-01-08 06:30:00,670.37,3.621,2.428,10.274,25.648
2026-01-08 06:45:00,671.801,-5.881,-3.951,10.152,26.97
2026-01-08 07:00:00,671.905,1.662,1.117,10.35,27.355
2026-01-08 07:15:00,668.48,4.269,2.854,10.294,26.241
2026-01-08 07:30:00,671.391,4.478,3.007,10.151,27.085
2026-01-08 07:45:00,676.01,-1.578,-1.067,10.001,25.24
2026-01-08 08:00:00,672.777,4.329,2.912,10.054,28.603
2026-01-08 08:15:00,667.962,3.472,2.319,10.0,26.619
2026-01-08 08:30:00,667.332,9.637,6.431,10.0,30.003
2026-01-08 08:45:00,676.994,-2.77,-1.875,10.0,27.94
2026-01-08 09:00:00,671.842,-1.888,-1.269,10.094,29.425
2026-01-08 09:15:00,670.246,-1.142,-0.765,10.157,28.549
2026-01-08 09:30:00,671.413,-1.825,-1.226,10.195,28.88
2026-01-08 09:45:00,667.876,-3.332,-2.225,10.257,28.569
2026-01-08 10:00:00,676.711,-87.08,-58.928,10.368,29.631
2026-01-08 10:15:00,674.798,-73.94,-49.895,13.314,30.128
2026-01-08 10:30:00,683.073,-64.424,-44.007,15.809,29.181
2026-01-08 10:45:00,681.766,-84.151,-57.371,18.009,30.159
2026-01-08 11:00:00,689.342,-86.113,-59.362,20.878,29.864
2026-01-08 11:15:00,689.385,-122.958,-84.766,23.846,33.289
2026-01-08 11:30:00,696.261,-96.745,-67.359,28.084,30.868
2026-01-08 11:45:00,699.9,-110.195,-77.125,31.452,32.857
2026-01-08 12:00:00,704.24,-108.462,-76.383,35.309,31.115
2026-01-08 12:15:00,707.997,-100.17,-70.92,39.128,31.77
2026-01-08 12:30:00,710.51,-93.716,-66.586,42.674,30.166
2026-01-08 12:45:00,720.95,-98.71,-71.165,46.003,31.243
2026-01-08 13:00:00,716.753,-125.884,-90.228,49.561,32.061
2026-01-08 13:15:00,724.9,-97.283,-70.52,54.073,33.649
2026-01-08 13:30:00,729.163,-92.161,-67.201,57.599,32.201
2026-01-08 13:45:00,734.358,-75.999,-55.811,60.959,33.511
2026-01-08 14:00:00,735.211,-46.097,-33.891,63.749,32.705
2026-01-08 14:15:00,739.477,-82.546,-61.041,65.444,33.779
2026-01-08 14:30:00,741.688,1.414,1.049,68.496,31.911
2026-01-08 14:45:00,737.386,4.264,3.144,68.443,34.59
2026-01-08 15:00:00,741.972,3.842,2.851,68.286,31.347
2026-01-08 15:15:00,738.471,0.04,0.029,68.144,30.892
2026-01-08 15:30:00,736.567,-8.09,-5.958,68.142,30.288
2026-01-08 15:45:00,742.539,1.74,1.292,68.44,34.072
2026-01-08 16:00:00,743.514,-7.463,-5.549,68.376,32.232
2026-01-08 16:15:00,743.964,4.94,3.675,68.653,30.856
2026-01-08 16:30:00,743.865,0.57,0.424,68.469,32.348
2026-01-08 16:45:00,736.34,3.394,2.499,68.448,31.561
2026-01-08 17:00:00,737.905,-3.056,-2.255,68.323,32.698
2026-01-08 17:15:00,748.044,-5.189,-3.881,68.436,28.594
2026-01-08 17:30:00,739.214,0.882,0.652,68.63,29.764
2026-01-08 17:45:00,744.149,-0.113,-0.084,68.597,29.269
2026-01-08 18:00:00,740.261,154.518,114.383,68.602,29.388
2026-01-08 18:15:00,735.698,162.16,119.301,62.882,32.525
2026-01-08 18:30:00,726.401,178.293,129.512,56.917,30.947
2026-01-08 18:45:00,722.215,160.706,116.064,50.442,31.51
2026-01-08 19:00:00,713.977,169.168,120.782,44.638,33.064
2026-01-08 19:15:00,704.974,180.195,127.033,38.599,29.873
2026-01-08 19:30:00,695.547,169.867,118.15,32.248,29.316
2026-01-08 19:45:00,692.412,162.589,112.578,26.34,29.484
2026-01-08 20:00:00,681.215,162.97,111.018,20.711,30.084
2026-01-08 20:15:00,679.475,171.847,116.766,15.16,28.478
2026-01-08 20:30:00,679.879,167.019,113.553,10.0,28.35
2026-01-08 20:45:00,676.051,166.516,112.573,10.0,30.189
2026-01-08 21:00:00,674.155,-0.654,-0.441,10.0,27.417
2026-01-08 21:15:00,671.77,-2.574,-1.729,10.022,24.751
2026-01-08 21:30:00,666.314,5.636,3.755,10.109,25.72
2026-01-08 21:45:00,668.033,2.805,1.874,10.0,28.685
2026-01-08 22:00:00,675.848,2.41,1.629,10.0,27.471
2026-01-08 22:15:00,669.631,2.321,1.554,10.0,26.19
2026-01-08 22:30:00,669.902,-0.139,-0.093,10.0,26.813
2026-01-08 22:45:00,671.509,0.735,0.494,10.005,27.023
2026-01-08 23:00:00,668.814,-4.43,-2.963,10.0,27.809
2026-01-08 23:15:00,668.497,-8.177,-5.466,10.148,25.506
2026-01-08 23:30:00,672.354,0.558,0.375,10.421,26.082
2026-01-08 23:45:00,669.809,1.209,0.81,10.403,27.315
2026-01-09 00:00:00,670.212,4.511,3.023,10.362,26.945
2026-01-09 00:15:00,669.91,5.864,3.928,10.211,27.7
2026-01-09 00:30:00,673.585,5.827,3.925,10.015,25.718
2026-01-09 00:45:00,671.304,-3.717,-2.495,10.0,27.393
2026-01-09 01:00:00,671.614,-1.311,-0.881,10.125,28.201
2026-01-09 01:15:00,673.993,1.782,1.201,10.169,27.557
2026-01-09 01:30:00,671.704,9.423,6.33,10.109,27.267
2026-01-09 01:45:00,671.165,5.513,3.7,10.0,26.961
2026-01-09 02:00:00,673.411,4.156,2.798,10.0,26.132
2026-01-09 02:15:00,674.005,-1.438,-0.969,10.0,26.921
2026-01-09 02:30:00,671.617,-3.288,-2.208,10.048,28.386
2026-01-09 02:45:00,672.432,2.933,1.972,10.159,26.905
2026-01-09 03:00:00,669.727,-4.109,-2.752,10.06,26.021
2026-01-09 03:15:00,669.655,-0.89,-0.596,10.198,26.459
2026-01-09 03:30:00,674.581,-0.425,-0.287,10.228,27.221
2026-01-09 03:45:00,673.625,5.912,3.982,10.242,26.661
2026-01-09 04:00:00,673.417,-1.317,-0.887,10.043,27.534
2026-01-09 04:15:00,672.947,-9.062,-6.098,10.087,27.575
2026-01-09 04:30:00,672.609,1.875,1.261,10.392,28.001
2026-01-09 04:45:00,674.484,-2.591,-1.748,10.329,28.566
2026-01-09 05:00:00,675.305,0.158,0.107,10.416,28.097
2026-01-09 05:15:00,675.227,-0.321,-0.217,10.411,25.972
2026-01-09 05:30:00,672.204,-1.018,-0.684,10.422,26.006
2026-01-09 05:45:00,676.708,2.92,1.976,10.456,26.952
2026-01-09 06:00:00,673.114,-5.693,-3.832,10.357,26.504
2026-01-09 06:15:00,674.556,-1.916,-1.293,10.549,25.748
2026-01-09 06:30:00,673.583,2.539,1.71,10.614,26.545
2026-01-09 06:45:00,673.375,-2.28,-1.535,10.528,26.478
2026-01-09 07:00:00,670.519,-5.998,-4.022,10.605,26.261
2026-01-09 07:15:00,675.071,2.476,1.671,10.806,26.683
2026-01-09 07:30:00,681.403,4.121,2.808,10.722,28.347
2026-01-09 07:45:00,671.574,-0.167,-0.112,10.582,27.219
2026-01-09 08:00:00,672.918,-7.285,-4.902,10.588,29.719
2026-01-09 08:15:00,671.661,2.628,1.765,10.833,27.546
2026-01-09 08:30:00,671.429,-6.18,-4.15,10.744,27.334
2026-01-09 08:45:00,677.776,1.139,0.772,10.952,27.994
2026-01-09 09:00:00,671.077,-3.306,-2.219,10.913,28.576
2026-01-09 09:15:00,671.807,-4.316,-2.9,11.024,29.086
2026-01-09 09:30:00,668.641,-1.652,-1.105,11.169,31.198
2026-01-09 09:45:00,671.197,-0.683,-0.458,11.225,28.282
2026-01-09 10:00:00,668.372,-159.767,-106.784,11.247,30.445
2026-01-09 10:15:00,681.799,-158.837,-108.295,16.587,30.006
2026-01-09 10:30:00,694.801,-146.73,-101.948,22.001,28.316
2026-01-09 10:45:00,691.419,-155.658,-107.625,27.099,31.144
2026-01-09 11:00:00,693.976,-188.154,-130.574,32.48,31.93
2026-01-09 11:15:00,709.51,-179.391,-127.28,39.009,29.816
2026-01-09 11:30:00,712.266,-216.518,-154.219,45.373,30.957
2026-01-09 11:45:00,727.598,-199.448,-145.118,53.084,29.259
2026-01-09 12:00:00,731.561,-205.69,-150.475,60.34,29.945
2026-01-09 12:15:00,739.541,-213.198,-157.668,67.863,32.637
2026-01-09 12:30:00,750.362,-180.703,-135.592,75.747,31.106
2026-01-09 12:45:00,761.305,-191.376,-145.695,82.526,30.515
2026-01-09 13:00:00,767.091,-187.817,-144.073,89.811,32.082
2026-01-09 13:15:00,772.51,-177.058,-136.779,95.0,31.329
2026-01-09 13:30:00,773.404,-181.05,-140.025,95.0,31.439
2026-01-09 13:45:00,770.184,-148.921,-114.696,95.0,32.803
2026-01-09 14:00:00,775.191,-137.565,-106.639,95.0,30.722
2026-01-09 14:15:00,768.64,-108.464,-83.37,95.0,30.993
2026-01-09 14:30:00,772.668,-106.339,-82.164,95.0,32.127
2026-01-09 14:45:00,776.278,-73.507,-57.062,95.0,32.97
2026-01-09 15:00:00,774.909,1.988,1.541,95.0,33.219
2026-01-09 15:15:00,775.679,-7.5,-5.818,94.923,31.003
2026-01-09 15:30:00,773.805,-6.013,-4.653,95.0,32.651
2026-01-09 15:45:00,777.509,-0.903,-0.702,95.0,30.622
2026-01-09 16:00:00,776.774,4.988,3.875,95.0,33.409
2026-01-09 16:15:00,775.106,-1.405,-1.089,94.806,29.91
2026-01-09 16:30:00,776.616,0.325,0.252,94.861,32.433
2026-01-09 16:45:00,776.069,3.652,2.834,94.848,30.088
2026-01-09 17:00:00,772.329,6.82,5.267,94.706,32.845
2026-01-09 17:15:00,769.3,-1.875,-1.442,94.443,30.947
2026-01-09 17:30:00,774.679,-0.054,-0.042,94.515,28.926
2026-01-09 17:45:00,775.059,5.877,4.555,94.517,29.285
2026-01-09 18:00:00,776.419,150.966,117.213,94.289,32.469
2026-01-09 18:15:00,763.306,152.298,116.25,88.429,32.462
2026-01-09 18:30:00,756.42,154.826,117.114,82.616,30.944
2026-01-09 18:45:00,753.492,157.636,118.778,76.761,30.794
2026-01-09 19:00:00,744.773,160.428,119.483,70.822,31.279
2026-01-09 19:15:00,732.16,153.44,112.343,64.848,30.143
2026-01-09 19:30:00,732.202,147.871,108.272,59.23,28.179
2026-01-09 19:45:00,719.023,150.54,108.242,53.817,28.381
2026-01-09 20:00:00,715.25,157.758,112.836,48.405,29.29
2026-01-09 20:15:00,715.371,155.416,111.18,42.763,30.338
2026-01-09 20:30:00,710.119,155.408,110.358,37.204,30.764
2026-01-09 20:45:00,694.376,171.524,119.102,31.686,30.001
2026-01-09 21:00:00,689.889,-3.521,-2.429,25.731,27.316
2026-01-09 21:15:00,691.151,2.676,1.849,25.852,27.857
2026-01-09 21:30:00,696.256,2.942,2.048,25.76,26.303
2026-01-09 21:45:00,689.31,9.443,6.509,25.658,26.949
2026-01-09 22:00:00,688.968,-1.365,-0.94,25.332,26.093
2026-01-09 22:15:00,695.101,-1.648,-1.145,25.379,25.626
2026-01-09 22:30:00,689.399,2.789,1.922,25.436,27.402
2026-01-09 22:45:00,692.575,2.957,2.048,25.34,27.241
2026-01-09 23:00:00,685.854,-1.95,-1.338,25.238,27.756
2026-01-09 23:15:00,689.852,-1.461,-1.008,25.305,27.601
2026-01-09 23:30:00,685.447,1.974,1.353,25.355,27.291
2026-01-09 23:45:00,687.179,-3.011,-2.069,25.287,27.612
2026-01-10 00:00:00,692.987,-1.481,-1.026,25.391,26.953
2026-01-10 00:15:00,690.381,0.324,0.224,25.442,27.458
2026-01-10 00:30:00,689.56,3.611,2.49,25.431,26.246
2026-01-10 00:45:00,688.122,-2.197,-1.511,25.307,27.407
2026-01-10 01:00:00,689.797,-6.677,-4.606,25.382,27.735
2026-01-10 01:15:00,691.638,-6.928,-4.791,25.612,26.263
2026-01-10 01:30:00,693.971,-4.537,-3.149,25.852,27.057
2026-01-10 01:45:00,683.336,-4.804,-3.283,26.009,26.314
2026-01-10 02:00:00,688.913,-0.561,-0.387,26.174,26.421
2026-01-10 02:15:00,691.909,-4.296,-2.972,26.193,25.763
2026-01-10 02:30:00,691.313,-2.541,-1.757,26.342,28.392
2026-01-10 02:45:00,692.925,-2.793,-1.935,26.429,28.172
2026-01-10 03:00:00,692.634,-1.59,-1.101,26.526,27.591
2026-01-10 03:15:00,690.983,4.785,3.306,26.581,29.229
2026-01-10 03:30:00,690.118,2.398,1.655,26.416,26.822
2026-01-10 03:45:00,690.863,0.058,0.04,26.333,30.336
2026-01-10 04:00:00,695.044,-1.658,-1.153,26.331,26.75
2026-01-10 04:15:00,689.47,-1.571,-1.083,26.389,27.281
2026-01-10 04:30:00,691.543,1.185,0.819,26.443,26.577
2026-01-10 04:45:00,692.232,2.11,1.46,26.402,27.436
2026-01-10 05:00:00,696.276,-3.259,-2.269,26.329,27.919
2026-01-10 05:15:00,690.83,0.132,0.091,26.442,26.876
2026-01-10 05:30:00,694.602,-7.312,-5.079,26.438,28.954
2026-01-10 05:45:00,695.726,0.761,0.529,26.692,27.273
2026-01-10 06:00:00,691.807,2.754,1.905,26.665,27.332
2026-01-10 06:15:00,691.252,-1.013,-0.7,26.57,26.0
2026-01-10 06:30:00,690.939,6.573,4.541,26.605,27.542
2026-01-10 06:45:00,690.886,-3.189,-2.203,26.378,26.853
2026-01-10 07:00:00,694.348,0.783,0.544,26.488,26.341
2026-01-10 07:15:00,692.446,-0.129,-0.09,26.461,26.146
2026-01-10 07:30:00,692.464,-0.362,-0.251,26.465,29.939
2026-01-10 07:45:00,688.398,-0.415,-0.286,26.478,26.71
2026-01-10 08:00:00,688.888,0.389,0.268,26.492,25.402
2026-01-10 08:15:00,698.205,3.036,2.12,26.479,26.597
2026-01-10 08:30:00,691.114,4.984,3.444,26.373,27.658
2026-01-10 08:45:00,689.116,-0.008,-0.006,26.201,28.577
2026-01-10 09:00:00,695.734,2.93,2.038,26.201,28.941
2026-01-10 09:15:00,692.164,-2.535,-1.754,26.099,29.351
2026-01-10 09:30:00,693.159,2.763,1.915,26.187,28.239
2026-01-10 09:45:00,690.895,-2.757,-1.905,26.091,29.586
2026-01-10 10:00:00,690.467,-132.212,-91.288,26.186,28.536
2026-01-10 10:15:00,696.392,-119.011,-82.878,30.751,29.096
2026-01-10 10:30:00,697.725,-114.368,-79.797,34.895,29.034
2026-01-10 10:45:00,706.398,-149.289,-105.457,38.884,28.99
2026-01-10 11:00:00,713.877,-141.378,-100.926,44.157,31.706
2026-01-10 11:15:00,724.596,-152.705,-110.649,49.204,31.517
2026-01-10 11:30:00,725.941,-139.025,-100.924,54.736,32.041
2026-01-10 11:45:00,724.736,-155.974,-113.04,59.782,31.201
2026-01-10 12:00:00,738.239,-151.527,-111.863,65.434,32.185
2026-01-10 12:15:00,753.451,-138.561,-104.399,71.027,29.547
2026-01-10 12:30:00,754.096,-173.008,-130.465,76.247,32.569
2026-01-10 12:45:00,756.892,-162.922,-123.314,82.771,31.929
2026-01-10 13:00:00,768.497,-154.155,-118.468,88.936,32.519
2026-01-10 13:15:00,771.606,-135.059,-104.212,94.86,32.322
2026-01-10 13:30:00,769.939,-145.313,-111.882,95.0,30.871
2026-01-10 13:45:00,772.955,-117.401,-90.746,95.0,30.341
2026-01-10 14:00:00,774.275,-104.714,-81.078,95.0,31.217
2026-01-10 14:15:00,768.384,-79.179,-60.84,95.0,32.611
2026-01-10 14:30:00,770.553,-96.764,-74.561,95.0,32.716
2026-01-10 14:45:00,774.031,-62.026,-48.01,95.0,30.399
2026-01-10 15:00:00,772.775,0.4,0.309,95.0,30.756
2026-01-10 15:15:00,775.166,-1.892,-1.466,94.985,30.939
2026-01-10 15:30:00,770.356,0.036,0.027,95.0,31.227
2026-01-10 15:45:00,776.141,4.625,3.59,94.999,30.051
2026-01-10 16:00:00,770.232,1.802,1.388,94.819,29.791
2026-01-10 16:15:00,778.628,-5.495,-4.279,94.75,30.253
2026-01-10 16:30:00,768.809,-0.7,-0.538,94.964,31.062
2026-01-10 16:45:00,770.711,5.781,4.456,94.991,29.541
2026-01-10 17:00:00,774.973,-0.69,-0.534,94.768,30.408
2026-01-10 17:15:00,778.746,-5.78,-4.501,94.795,31.461
2026-01-10 17:30:00,774.945,6.107,4.733,95.0,28.697
2026-01-10 17:45:00,775.405,2.2,1.706,94.763,29.581
2026-01-10 18:00:00,773.666,124.403,96.247,94.678,32.36
2026-01-10 18:15:00,764.76,134.269,102.684,89.866,30.6
2026-01-10 18:30:00,760.207,130.637,99.311,84.732,30.07
2026-01-10 18:45:00,752.083,126.074,94.818,79.766,31.594
2026-01-10 19:00:00,746.194,130.653,97.493,75.025,29.712
2026-01-10 19:15:00,745.386,127.079,94.723,70.15,30.895
2026-01-10 19:30:00,735.128,126.039,92.655,65.414,29.792
2026-01-10 19:45:00,733.897,126.486,92.828,60.782,28.621
2026-01-10 20:00:00,723.463,129.688,93.824,56.14,29.216
2026-01-10 20:15:00,722.628,134.105,96.908,51.449,29.097
2026-01-10 20:30:00,714.458,125.171,89.429,46.604,29.733
2026-01-10 20:45:00,714.778,115.681,82.686,42.132,27.885
2026-01-10 21:00:00,706.569,2.174,1.536,37.998,27.073
2026-01-10 21:15:00,709.213,2.225,1.578,37.921,26.961
2026-01-10 21:30:00,703.144,1.707,1.201,37.842,27.796
2026-01-10 21:45:00,705.507,1.445,1.019,37.782,25.891
2026-01-10 22:00:00,702.334,-1.141,-0.801,37.731,28.119
2026-01-10 22:15:00,704.085,2.796,1.969,37.771,27.548
2026-01-10 22:30:00,704.421,-0.162,-0.114,37.673,25.551
2026-01-10 22:45:00,703.037,-1.732,-1.218,37.678,28.329
2026-01-10 23:00:00,701.641,-1.111,-0.78,37.739,29.458
2026-01-10 23:15:00,701.093,7.205,5.052,37.778,28.193
2026-01-10 23:30:00,698.012,-6.214,-4.337,37.526,28.57
2026-01-10 23:45:00,702.122,1.78,1.249,37.743,27.116
2026-01-11 00:00:00,707.099,-5.937,-4.198,37.68,25.172
2026-01-11 00:15:00,700.672,-0.386,-0.271,37.89,24.971
2026-01-11 00:30:00,701.38,-1.546,-1.084,37.904,27.281
2026-01-11 00:45:00,710.922,-7.332,-5.213,37.958,26.349
2026-01-11 01:00:00,703.953,1.382,0.973,38.218,26.011
2026-01-11 01:15:00,706.767,-1.344,-0.95,38.17,26.931
2026-01-11 01:30:00,707.788,-7.415,-5.248,38.217,27.677
2026-01-11 01:45:00,708.163,2.964,2.099,38.48,25.44
2026-01-11 02:00:00,701.483,5.114,3.588,38.375,26.571
2026-01-11 02:15:00,705.141,5.283,3.725,38.195,28.728
2026-01-11 02:30:00,700.756,1.281,0.897,38.009,25.833
2026-01-11 02:45:00,712.896,0.162,0.115,37.964,27.959
2026-01-11 03:00:00,700.765,4.738,3.32,37.958,26.527
2026-01-11 03:15:00,702.207,5.99,4.206,37.792,27.676
2026-01-11 03:30:00,701.977,4.037,2.834,37.582,28.258
2026-01-11 03:45:00,700.439,-3.361,-2.354,37.44,27.815
2026-01-11 04:00:00,709.127,0.71,0.503,37.558,28.009
2026-01-11 04:15:00,712.307,1.543,1.099,37.533,25.753
2026-01-11 04:30:00,703.546,-6.43,-4.524,37.478,28.225
2026-01-11 04:45:00,701.284,1.673,1.173,37.704,26.083
2026-01-11 05:00:00,698.464,8.136,5.682,37.646,27.388
2026-01-11 05:15:00,704.101,2.272,1.6,37.361,27.313
2026-01-11 05:30:00,703.789,5.234,3.684,37.281,27.6
2026-01-11 05:45:00,702.563,0.651,0.457,37.097,27.379
2026-01-11 06:00:00,705.153,-0.26,-0.183,37.074,26.072
2026-01-11 06:15:00,705.686,1.351,0.953,37.084,25.532
2026-01-11 06:30:00,705.412,-2.891,-2.04,37.036,27.96
2026-01-11 06:45:00,703.617,-3.424,-2.409,37.138,27.204
2026-01-11 07:00:00,701.405,4.513,3.166,37.258,28.321
2026-01-11 07:15:00,706.518,4.856,3.431,37.1,27.013
2026-01-11 07:30:00,704.352,-3.518,-2.478,36.928,25.454
2026-01-11 07:45:00,707.128,3.422,2.42,37.052,28.106
2026-01-11 08:00:00,706.688,-0.308,-0.217,36.931,26.593
2026-01-11 08:15:00,700.065,1.213,0.85,36.942,27.719
2026-01-11 08:30:00,699.977,1.644,1.151,36.9,26.961
2026-01-11 08:45:00,701.944,3.541,2.486,36.842,29.829
2026-01-11 09:00:00,700.893,0.295,0.207,36.718,27.334
2026-01-11 09:15:00,706.315,4.991,3.525,36.708,28.299
2026-01-11 09:30:00,704.892,1.097,0.774,36.531,29.046
2026-01-11 09:45:00,707.089,2.207,1.56,36.493,28.038
2026-01-11 10:00:00,704.887,-142.583,-100.505,36.415,29.864
2026-01-11 10:15:00,710.354,-151.303,-107.478,41.44,31.551
2026-01-11 10:30:00,719.776,-156.82,-112.875,46.814,29.504
2026-01-11 10:45:00,724.358,-152.065,-110.15,52.458,30.731
2026-01-11 11:00:00,729.762,-180.701,-131.868,57.965,27.511
2026-01-11 11:15:00,741.912,-179.009,-132.809,64.558,30.716
2026-01-11 11:30:00,745.784,-181.326,-135.23,71.199,30.622
2026-01-11 11:45:00,752.639,-180.297,-135.699,77.96,30.257
2026-01-11 12:00:00,759.181,-196.707,-149.336,84.745,32.52
2026-01-11 12:15:00,772.764,-193.879,-149.822,92.212,31.125
2026-01-11 12:30:00,777.711,-189.336,-147.248,95.0,31.424
2026-01-11 12:45:00,773.848,-151.881,-117.533,95.0,31.32
2026-01-11 13:00:00,777.924,-181.303,-141.04,95.0,29.721
2026-01-11 13:15:00,768.09,-202.594,-155.61,95.0,30.659
2026-01-11 13:30:00,773.834,-129.785,-100.432,95.0,33.014
2026-01-11 13:45:00,773.88,-134.221,-103.871,95.0,29.668
2026-01-11 14:00:00,771.819,-142.688,-110.129,95.0,31.157
2026-01-11 14:15:00,781.152,-150.387,-117.475,95.0,31.55
2026-01-11 14:30:00,773.801,-109.615,-84.82,95.0,33.875
2026-01-11 14:45:00,772.777,-106.213,-82.079,95.0,32.749
2026-01-11 15:00:00,774.078,-5.387,-4.17,95.0,31.217
2026-01-11 15:15:00,767.992,2.681,2.059,95.0,33.207
2026-01-11 15:30:00,771.597,-1.954,-1.507,94.897,30.805
2026-01-11 15:45:00,776.917,-1.262,-0.981,94.972,32.594
2026-01-11 16:00:00,772.113,-6.012,-4.642,95.0,29.835
2026-01-11 16:15:00,771.513,-2.2,-1.697,95.0,32.338
2026-01-11 16:30:00,777.929,-0.024,-0.019,95.0,30.52
2026-01-11 16:45:00,778.021,2.99,2.326,95.0,29.67
2026-01-11 17:00:00,775.411,-2.487,-1.928,94.884,30.297
2026-01-11 17:15:00,772.611,5.363,4.143,94.98,30.676
2026-01-11 17:30:00,773.009,-2.214,-1.711,94.773,29.5
2026-01-11 17:45:00,771.418,-2.214,-1.708,94.859,30.387
2026-01-11 18:00:00,770.948,129.436,99.789,94.944,30.655
2026-01-11 18:15:00,764.812,124.723,95.39,89.954,31.611
2026-01-11 18:30:00,760.368,134.417,102.206,85.185,31.24
2026-01-11 18:45:00,752.985,127.844,96.265,80.075,30.273
2026-01-11 19:00:00,745.623,143.157,106.741,75.261,29.73
2026-01-11 19:15:00,744.567,129.975,96.775,69.924,29.884
2026-01-11 19:30:00,738.806,130.765,96.61,65.086,29.997
2026-01-11 19:45:00,737.408,131.158,96.717,60.255,31.336
2026-01-11 20:00:00,724.498,126.442,91.607,55.419,29.682
2026-01-11 20:15:00,721.895,126.421,91.263,50.839,29.716
2026-01-11 20:30:00,716.469,133.493,95.644,46.276,32.119
2026-01-11 20:45:00,709.031,124.604,88.348,41.494,29.158
2026-01-11 21:00:00,706.724,4.033,2.851,37.076,27.584
2026-01-11 21:15:00,706.646,4.272,3.019,36.934,27.829
2026-01-11 21:30:00,705.121,-1.167,-0.823,36.783,25.89
2026-01-11 21:45:00,703.422,-0.76,-0.535,36.824,26.512
2026-01-11 22:00:00,703.148,2.362,1.661,36.851,26.473
2026-01-11 22:15:00,700.018,-2.09,-1.463,36.768,27.712
2026-01-11 22:30:00,701.791,2.097,1.472,36.841,26.835
2026-01-11 22:45:00,702.255,-0.313,-0.22,36.767,27.152
2026-01-11 23:00:00,700.762,-3.458,-2.423,36.778,28.196
2026-01-11 23:15:00,705.599,-3.39,-2.392,36.899,27.949
2026-01-11 23:30:00,708.013,5.11,3.618,37.019,26.887
2026-01-11 23:45:00,701.481,-0.557,-0.391,36.838,26.263
